cve	platform	product	kev_date	reference
CVE-2002-0367	windows	Windows	2022-03-03	https://www.cve.org/CVERecord?id=CVE-2002-0367
CVE-2004-0210	windows	Windows	2022-03-03	https://www.cve.org/CVERecord?id=CVE-2004-0210
CVE-2013-2094	linux	Kernel	2022-09-15	https://www.cve.org/CVERecord?id=CVE-2013-2094
CVE-2013-2596	linux	Kernel	2022-09-15	https://www.cve.org/CVERecord?id=CVE-2013-2596
CVE-2013-5065	windows	Windows	2022-03-03	https://www.cve.org/CVERecord?id=CVE-2013-5065
CVE-2013-6282	linux	Kernel	2022-09-15	https://www.cve.org/CVERecord?id=CVE-2013-6282
CVE-2014-1812	windows	Windows	2021-11-03	https://www.cve.org/CVERecord?id=CVE-2014-1812
CVE-2014-3153	linux	Kernel	2022-05-25	https://www.cve.org/CVERecord?id=CVE-2014-3153
CVE-2015-0016	windows	Windows	2022-05-25	https://www.cve.org/CVERecord?id=CVE-2015-0016
CVE-2015-1769	windows	Windows	2022-05-25	https://www.cve.org/CVERecord?id=CVE-2015-1769
CVE-2015-3246	linux	Libuser	2026-08-26	https://www.cve.org/CVERecord?id=CVE-2015-3246
CVE-2015-6175	windows	Windows	2022-05-25	https://www.cve.org/CVERecord?id=CVE-2015-6175
CVE-2016-0040	windows	Windows	2022-03-28	https://www.cve.org/CVERecord?id=CVE-2016-0040
CVE-2016-0099	windows	Windows	2022-03-03	https://www.cve.org/CVERecord?id=CVE-2016-0099
CVE-2016-3309	windows	Windows	2022-03-15	https://www.cve.org/CVERecord?id=CVE-2016-3309
CVE-2016-5195	linux	Kernel	2022-03-03	https://www.cve.org/CVERecord?id=CVE-2016-5195
CVE-2017-0005	windows	Windows	2022-05-24	https://www.cve.org/CVERecord?id=CVE-2017-0005
CVE-2017-0101	windows	Windows	2022-03-15	https://www.cve.org/CVERecord?id=CVE-2017-0101
CVE-2017-0213	windows	Windows	2022-03-28	https://www.cve.org/CVERecord?id=CVE-2017-0213
CVE-2017-1000253	linux	Kernel	2024-09-09	https://www.cve.org/CVERecord?id=CVE-2017-1000253
CVE-2018-0824	windows	Windows	2024-08-05	https://www.cve.org/CVERecord?id=CVE-2018-0824
CVE-2018-8440	windows	Windows	2022-03-28	https://www.cve.org/CVERecord?id=CVE-2018-8440
CVE-2018-8611	windows	Windows	2022-05-24	https://www.cve.org/CVERecord?id=CVE-2018-8611
CVE-2018-8639	windows	Windows	2025-03-03	https://www.cve.org/CVERecord?id=CVE-2018-8639
CVE-2019-0543	windows	Windows	2022-03-15	https://www.cve.org/CVERecord?id=CVE-2019-0543
CVE-2019-0841	windows	Windows	2022-03-15	https://www.cve.org/CVERecord?id=CVE-2019-0841
CVE-2019-0863	windows	Windows	2021-11-03	https://www.cve.org/CVERecord?id=CVE-2019-0863
CVE-2019-0880	windows	Windows	2022-05-23	https://www.cve.org/CVERecord?id=CVE-2019-0880
CVE-2019-1064	windows	Windows	2022-03-15	https://www.cve.org/CVERecord?id=CVE-2019-1064
CVE-2019-1129	windows	Windows	2022-03-15	https://www.cve.org/CVERecord?id=CVE-2019-1129
CVE-2019-1130	windows	Windows	2022-05-23	https://www.cve.org/CVERecord?id=CVE-2019-1130
CVE-2019-1214	windows	Windows	2021-11-03	https://www.cve.org/CVERecord?id=CVE-2019-1214
CVE-2019-1215	windows	Windows	2021-11-03	https://www.cve.org/CVERecord?id=CVE-2019-1215
CVE-2019-1253	windows	Windows	2022-03-15	https://www.cve.org/CVERecord?id=CVE-2019-1253
CVE-2019-1315	windows	Windows	2022-03-15	https://www.cve.org/CVERecord?id=CVE-2019-1315
CVE-2019-1322	windows	Windows	2022-03-15	https://www.cve.org/CVERecord?id=CVE-2019-1322
CVE-2019-1385	windows	Windows	2022-05-23	https://www.cve.org/CVERecord?id=CVE-2019-1385
CVE-2019-1388	windows	Windows	2023-04-07	https://www.cve.org/CVERecord?id=CVE-2019-1388
CVE-2019-1405	windows	Windows	2022-03-15	https://www.cve.org/CVERecord?id=CVE-2019-1405
CVE-2020-0683	windows	Windows	2021-11-03	https://www.cve.org/CVERecord?id=CVE-2020-0683
CVE-2020-0986	windows	Windows	2021-11-03	https://www.cve.org/CVERecord?id=CVE-2020-0986
CVE-2020-1027	windows	Windows	2022-05-23	https://www.cve.org/CVERecord?id=CVE-2020-1027
CVE-2020-17087	windows	Windows	2021-11-03	https://www.cve.org/CVERecord?id=CVE-2020-17087
CVE-2021-22600	linux	Kernel	2022-04-11	https://www.cve.org/CVERecord?id=CVE-2021-22600
CVE-2021-3156	linux	Sudo	2022-04-06	https://www.cve.org/CVERecord?id=CVE-2021-3156
CVE-2021-31956	windows	Windows	2021-11-03	https://www.cve.org/CVERecord?id=CVE-2021-31956
CVE-2021-31979	windows	Windows	2021-11-03	https://www.cve.org/CVERecord?id=CVE-2021-31979
CVE-2021-33739	windows	Windows	2021-11-03	https://www.cve.org/CVERecord?id=CVE-2021-33739
CVE-2021-33771	windows	Windows	2021-11-03	https://www.cve.org/CVERecord?id=CVE-2021-33771
CVE-2021-34484	windows	Windows	2022-03-31	https://www.cve.org/CVERecord?id=CVE-2021-34484
CVE-2021-34486	windows	Windows	2022-03-28	https://www.cve.org/CVERecord?id=CVE-2021-34486
CVE-2021-3493	linux	Kernel	2022-10-20	https://www.cve.org/CVERecord?id=CVE-2021-3493
CVE-2021-3560	linux	Polkit	2023-05-12	https://www.cve.org/CVERecord?id=CVE-2021-3560
CVE-2021-36934	windows	Windows	2022-02-10	https://www.cve.org/CVERecord?id=CVE-2021-36934
CVE-2021-36948	windows	Windows	2021-11-03	https://www.cve.org/CVERecord?id=CVE-2021-36948
CVE-2021-36955	windows	Windows	2021-11-03	https://www.cve.org/CVERecord?id=CVE-2021-36955
CVE-2021-4034	linux	Polkit	2022-06-27	https://www.cve.org/CVERecord?id=CVE-2021-4034
CVE-2021-40449	windows	Windows	2021-11-17	https://www.cve.org/CVERecord?id=CVE-2021-40449
CVE-2021-41379	windows	Windows	2022-03-03	https://www.cve.org/CVERecord?id=CVE-2021-41379
CVE-2021-43226	windows	Windows	2025-10-06	https://www.cve.org/CVERecord?id=CVE-2021-43226
CVE-2022-0185	linux	Kernel	2024-08-21	https://www.cve.org/CVERecord?id=CVE-2022-0185
CVE-2022-0492	linux	Kernel	2026-06-02	https://www.cve.org/CVERecord?id=CVE-2022-0492
CVE-2022-0847	linux	Kernel	2022-04-25	https://www.cve.org/CVERecord?id=CVE-2022-0847
CVE-2022-21919	windows	Windows	2022-04-25	https://www.cve.org/CVERecord?id=CVE-2022-21919
CVE-2022-21999	windows	Windows	2022-03-25	https://www.cve.org/CVERecord?id=CVE-2022-21999
CVE-2022-22047	windows	Windows	2022-07-12	https://www.cve.org/CVERecord?id=CVE-2022-22047
CVE-2022-22718	windows	Windows	2022-04-19	https://www.cve.org/CVERecord?id=CVE-2022-22718
CVE-2022-24521	windows	Windows	2022-04-13	https://www.cve.org/CVERecord?id=CVE-2022-24521
CVE-2022-2586	linux	Kernel	2024-06-26	https://www.cve.org/CVERecord?id=CVE-2022-2586
CVE-2022-26904	windows	Windows	2022-04-25	https://www.cve.org/CVERecord?id=CVE-2022-26904
CVE-2022-37969	windows	Windows	2022-09-14	https://www.cve.org/CVERecord?id=CVE-2022-37969
CVE-2022-38028	windows	Windows	2024-04-23	https://www.cve.org/CVERecord?id=CVE-2022-38028
CVE-2022-41033	windows	Windows COM+ Event System Service	2022-10-11	https://www.cve.org/CVERecord?id=CVE-2022-41033
CVE-2022-41073	windows	Windows	2022-11-08	https://www.cve.org/CVERecord?id=CVE-2022-41073
CVE-2022-41125	windows	Windows	2022-11-08	https://www.cve.org/CVERecord?id=CVE-2022-41125
CVE-2023-0266	linux	Kernel	2023-03-30	https://www.cve.org/CVERecord?id=CVE-2023-0266
CVE-2023-21674	windows	Windows	2023-01-10	https://www.cve.org/CVERecord?id=CVE-2023-21674
CVE-2023-21823	windows	Windows	2023-02-14	https://www.cve.org/CVERecord?id=CVE-2023-21823
CVE-2023-23376	windows	Windows	2023-02-14	https://www.cve.org/CVERecord?id=CVE-2023-23376
CVE-2023-28229	windows	Windows CNG Key Isolation Service	2023-10-04	https://www.cve.org/CVERecord?id=CVE-2023-28229
CVE-2023-28252	windows	Windows	2023-04-11	https://www.cve.org/CVERecord?id=CVE-2023-28252
CVE-2023-32046	windows	Windows	2023-07-11	https://www.cve.org/CVERecord?id=CVE-2023-32046
CVE-2023-36033	windows	Windows	2023-11-14	https://www.cve.org/CVERecord?id=CVE-2023-36033
CVE-2023-36036	windows	Windows	2023-11-14	https://www.cve.org/CVERecord?id=CVE-2023-36036
CVE-2023-36874	windows	Windows	2023-07-11	https://www.cve.org/CVERecord?id=CVE-2023-36874
CVE-2024-1086	linux	Kernel	2024-05-30	https://www.cve.org/CVERecord?id=CVE-2024-1086
CVE-2024-21338	windows	Windows	2024-03-04	https://www.cve.org/CVERecord?id=CVE-2024-21338
CVE-2024-30088	windows	Windows	2024-10-15	https://www.cve.org/CVERecord?id=CVE-2024-30088
CVE-2024-35250	windows	Windows	2024-12-16	https://www.cve.org/CVERecord?id=CVE-2024-35250
CVE-2024-38080	windows	Windows	2024-07-09	https://www.cve.org/CVERecord?id=CVE-2024-38080
CVE-2024-38106	windows	Windows	2024-08-13	https://www.cve.org/CVERecord?id=CVE-2024-38106
CVE-2024-38107	windows	Windows	2024-08-13	https://www.cve.org/CVERecord?id=CVE-2024-38107
CVE-2024-38193	windows	Windows	2024-08-13	https://www.cve.org/CVERecord?id=CVE-2024-38193
CVE-2024-49039	windows	Windows	2024-11-12	https://www.cve.org/CVERecord?id=CVE-2024-49039
CVE-2024-49138	windows	Windows	2024-12-10	https://www.cve.org/CVERecord?id=CVE-2024-49138
CVE-2024-53197	linux	Kernel	2025-04-09	https://www.cve.org/CVERecord?id=CVE-2024-53197
CVE-2025-21391	windows	Windows	2025-02-11	https://www.cve.org/CVERecord?id=CVE-2025-21391
CVE-2025-21418	windows	Windows	2025-02-11	https://www.cve.org/CVERecord?id=CVE-2025-21418
CVE-2025-24983	windows	Windows	2025-03-11	https://www.cve.org/CVERecord?id=CVE-2025-24983
CVE-2025-24990	windows	Windows	2025-10-14	https://www.cve.org/CVERecord?id=CVE-2025-24990
CVE-2025-29824	windows	Windows	2025-04-08	https://www.cve.org/CVERecord?id=CVE-2025-29824
CVE-2025-30400	windows	Windows	2025-05-13	https://www.cve.org/CVERecord?id=CVE-2025-30400
CVE-2025-32463	linux	Sudo	2025-09-29	https://www.cve.org/CVERecord?id=CVE-2025-32463
CVE-2025-32701	windows	Windows	2025-05-13	https://www.cve.org/CVERecord?id=CVE-2025-32701
CVE-2025-32706	windows	Windows	2025-05-13	https://www.cve.org/CVERecord?id=CVE-2025-32706
CVE-2025-32709	windows	Windows	2025-05-13	https://www.cve.org/CVERecord?id=CVE-2025-32709
CVE-2025-33073	windows	Windows	2025-10-20	https://www.cve.org/CVERecord?id=CVE-2025-33073
CVE-2025-59230	windows	Windows	2025-10-14	https://www.cve.org/CVERecord?id=CVE-2025-59230
CVE-2025-60710	windows	Windows	2026-04-13	https://www.cve.org/CVERecord?id=CVE-2025-60710
CVE-2025-62215	windows	Windows	2025-11-12	https://www.cve.org/CVERecord?id=CVE-2025-62215
CVE-2025-62221	windows	Windows	2025-12-09	https://www.cve.org/CVERecord?id=CVE-2025-62221
CVE-2026-21519	windows	Windows	2026-02-10	https://www.cve.org/CVERecord?id=CVE-2026-21519
CVE-2026-21533	windows	Windows	2026-02-10	https://www.cve.org/CVERecord?id=CVE-2026-21533
CVE-2026-31431	linux	Kernel	2026-05-01	https://www.cve.org/CVERecord?id=CVE-2026-31431
CVE-2026-53362	linux	Kernel	2026-08-27	https://www.cve.org/CVERecord?id=CVE-2026-53362
CVE-2026-68820	windows	Windows Ancillary Function Driver for WinSock	2026-08-11	https://www.cve.org/CVERecord?id=CVE-2026-68820
CVE-2026-81963	windows	Windows	2026-09-08	https://www.cve.org/CVERecord?id=CVE-2026-81963
CVE-2026-85880	windows	Windows	2026-09-08	https://www.cve.org/CVERecord?id=CVE-2026-85880
